ID, Distance
0, 0.009500
2, 0.531672
4, 0.775831
5, 1.198881
6, 1.366830
4, 1.000168
7, 1.499671
8, 1.593967
9, 1.647280
10, 1.658231
12, 1.626536
12, 1.553016
13, 1.439571
20, -0.119801
14, 1.289137
17, 0.658965
18, 0.407411
16, 0.893720
20, 0.145564
15, 1.105604
21, -0.381823
22, -0.633722
23, -0.868984
24, -1.081524
25, -1.265843
26, -1.417175
28, -1.531605
30, -1.629091
33, -1.351677
36, -0.986586
36, -0.762833
37, -0.519104
38, -0.261702
29, -1.638951
39, 0.002715
31, -1.576847
32, -1.483571
28, -1.606173
34, -1.184574
1, 0.274007
0, 0.009500
4, 0.773276
2, 0.531672
4, 1.002607
5, 1.198672
6, 1.366106
7, 1.499274
8, 1.593568
9, 1.647086
10, 1.658198
12, 1.620738
13, 1.440337
12, 1.552770
14, 1.286851
16, 0.893720
17, 0.658965
15, 1.107889
18, 0.407411
20, -0.119801
22, -0.633722
24, -1.083816
23, -0.868984
29, -1.638918
28, -1.605827
26, -1.417951
30, -1.628901
25, -1.263551
31, -1.576451
33, -1.350945
32, -1.483181
34, -1.184368
36, -0.985932
36, -0.762833
37, -0.519104
38, -0.261702
39, 0.002715
20, 0.145187
28, -1.526246
21, -0.381823
0, 0.009500
1, 0.271457
2, 0.529122
4, 1.004361
4, 0.768311
5, 1.194911
10, 1.650950
6, 1.361169
9, 1.639771
7, 1.495086
12, 1.545333
15, 1.104038
13, 1.436572
12, 1.609511
16, 0.893343
18, 0.407033
17, 0.658588
8, 1.585790
14, 1.278698
20, 0.144300
20, -0.120179
21, -0.382200
22, -0.634099
23, -0.869361
25, -1.255734
28, -1.598534
26, -1.414462
28, -1.515822
29, -1.632079
30, -1.621995
31, -1.569079
32, -1.478117
33, -1.345103
34, -1.179730
36, -0.984410
36, -0.759595
37, -0.515865
39, 0.002715
38, -0.258463
24, -1.080175
2, 0.524285
1, 0.268014
0, 0.009500
4, 0.762791
10, 1.642221
4, 1.004973
13, 1.427133
5, 1.189597
12, 1.599453
14, 1.269652
7, 1.488204
8, 1.577303
6, 1.353889
12, 1.535665
9, 1.631391
18, 0.404589
20, 0.143179
20, -0.121066
15, 1.096642
21, -0.382845
23, -0.868333
24, -1.074196
25, -1.247869
26, -1.406255
16, 0.892631
28, -1.588851
30, -1.612339
28, -1.505759
31, -1.559388
29, -1.622399
32, -1.471424
33, -1.337514
34, -1.173617
36, -0.982488
36, -0.756624
37, -0.509560
38, -0.252158
39, 0.002715
17, 0.655364
22, -0.633677
2, 0.520440
0, 0.009500
1, 0.263967
4, 0.756116
14, 1.259925
4, 1.005773
13, 1.417249
7, 1.479312
5, 1.182726
9, 1.621735
12, 1.590656
10, 1.632550
6, 1.344725
15, 1.086952
16, 0.891886
17, 0.651129
8, 1.567629
18, 0.401392
20, -0.122186
12, 1.525973
21, -0.382760
23, -0.868669
24, -1.066989
25, -1.239453
26, -1.396491
28, -1.496217
29, -1.612691
30, -1.602661
31, -1.549667
32, -1.462745
33, -1.327929
20, 0.141926
36, -0.754617
36, -0.980297
38, -0.244762
37, -0.502164
28, -1.579140
22, -0.632468
39, 0.002715
34, -1.165677
0, 0.009500
2, 0.515914
4, 0.748791
6, 1.335046
7, 1.469647
9, 1.612059
10, 1.622856
12, 1.516266
8, 1.557931
13, 1.407288
14, 1.250160
15, 1.077560
16, 0.891009
18, 0.397390
17, 0.645752
20, 0.140551
21, -0.382542
20, -0.123440
22, -0.631193
23, -0.870486
24, -1.060524
25, -1.230295
26, -1.386679
29, -1.602966
28, -1.486702
28, -1.569413
30, -1.592966
32, -1.453082
31, -1.539931
33, -1.318248
34, -1.156721
36, -0.977819
36, -0.752037
37, -0.493738
38, -0.236336
1, 0.259736
4, 1.005645
5, 1.174947
12, 1.580831
39, 0.002715
0, 0.009500
1, 0.255161
2, 0.510277
4, 0.741031
5, 1.166440
4, 1.005839
6, 1.325341
7, 1.459960
9, 1.602369
10, 1.613149
8, 1.548219
12, 1.570942
12, 1.506555
13, 1.397478
14, 1.240383
15, 1.067880
16, 0.889797
17, 0.639678
18, 0.392882
20, 0.139094
20, -0.124815
21, -0.382280
22, -0.629408
23, -0.872747
24, -1.052958
26, -1.376853
25, -1.220620
28, -1.477189
28, -1.559687
30, -1.583264
29, -1.593240
32, -1.443397
31, -1.530197
33, -1.308541
34, -1.147069
36, -0.975087
36, -0.749844
38, -0.226980
37, -0.484382
39, 0.002715
0, 0.009500
1, 0.250436
2, 0.504459
4, 0.732936
5, 1.157631
4, 1.005374
6, 1.315625
7, 1.450262
8, 1.538509
9, 1.592676
10, 1.603442
12, 1.561042
12, 1.496857
13, 1.387856
14, 1.230684
15, 1.058182
16, 0.888343
17, 0.633012
18, 0.387952
20, 0.137595
20, -0.126271
21, -0.381978
22, -0.627377
23, -0.875209
24, -1.045256
25, -1.210922
26, -1.367221
28, -1.467518
28, -1.550013
29, -1.583565
30, -1.573570
31, -1.520561
32, -1.433700
33, -1.298824
34, -1.137399
36, -0.972110
37, -0.474727
36, -0.747651
38, -0.217325
39, 0.002715
0, 0.009500
1, 0.245573
2, 0.498474
4, 1.004756
17, 0.625938
18, 0.382730
4, 0.724615
7, 1.440563
16, 0.886745
9, 1.582991
13, 1.378253
20, 0.136024
10, 1.593751
12, 1.487222
6, 1.305913
12, 1.551444
8, 1.528814
14, 1.221075
5, 1.148220
15, 1.048479
21, -0.381634
20, -0.127771
22, -0.625185
23, -0.877890
24, -1.037388
25, -1.201214
28, -1.457827
26, -1.357611
28, -1.540397
29, -1.573946
31, -1.510947
30, -1.563893
32, -1.424002
33, -1.289113
36, -0.968919
36, -0.745607
38, -0.207654
39, 0.002715
37, -0.465056
34, -1.127718
1, 0.240643
0, 0.009500
2, 0.492389
4, 0.716142
6, 1.296243
4, 1.004056
13, 1.368661
7, 1.430876
9, 1.573321
12, 1.541878
14, 1.211486
5, 1.139189
10, 1.584116
12, 1.477608
8, 1.519184
15, 1.038784
16, 0.884840
17, 0.618661
18, 0.377362
20, 0.134428
21, -0.381261
20, -0.129342
22, -0.622906
23, -0.880640
24, -1.029495
25, -1.191508
26, -1.348018
28, -1.448126
28, -1.530801
30, -1.554258
29, -1.564346
31, -1.501348
32, -1.414315
33, -1.279444
34, -1.118034
36, -0.965606
37, -0.455375
38, -0.197973
36, -0.743786
39, 0.002715
1, 0.235687
2, 0.486240
4, 1.002345
6, 1.286619
5, 1.130839
0, 0.009500
9, 1.563672
7, 1.421218
8, 1.509575
12, 1.468009
12, 1.532325
14, 1.201905
15, 1.029120
16, 0.882806
17, 0.611012
18, 0.371730
20, 0.132814
20, -0.130938
4, 0.707577
21, -0.380839
22, -0.620466
23, -0.883549
24, -1.021525
25, -1.181816
28, -1.438424
26, -1.338428
28, -1.521214
29, -1.554756
30, -1.544645
31, -1.491754
32, -1.404656
33, -1.269821
34, -1.108355
10, 1.574503
36, -0.962078
37, -0.445691
36, -0.742006
13, 1.359069
38, -0.188289
39, 0.002715
0, 0.009500
1, 0.230709
4, 0.698980
5, 1.122967
2, 0.480066
4, 1.000146
7, 1.411591
8, 1.499980
10, 1.564903
14, 1.192318
12, 1.522766
13, 1.349443
15, 1.019489
17, 0.603228
20, -0.132551
20, 0.131185
21, -0.380396
22, -0.617962
6, 1.277013
23, -0.885934
24, -1.014123
25, -1.172181
26, -1.328830
28, -1.428732
29, -1.545162
28, -1.511622
9, 1.554043
30, -1.535045
32, -1.395027
33, -1.260217
36, -0.958475
12, 1.458413
37, -0.436012
36, -0.740277
38, -0.178610
16, 0.880692
39, 0.002715
18, 0.366003
31, -1.482152
34, -1.098687
0, 0.009500
1, 0.225721
2, 0.473877
4, 0.997372
4, 0.690353
16, 0.877690
10, 1.555306
6, 1.267415
12, 1.513100
14, 1.182662
9, 1.544429
12, 1.448809
13, 1.339780
7, 1.401981
8, 1.490387
5, 1.115505
15, 1.009876
17, 0.595352
18, 0.360213
20, 0.129544
20, -0.134181
29, -1.535534
28, -1.419094
21, -0.379932
22, -0.615407
28, -1.501993
32, -1.385415
24, -1.007715
30, -1.525448
31, -1.472501
26, -1.319173
25, -1.162566
23, -0.887406
33, -1.250620
34, -1.089034
36, -0.954030
36, -0.738598
37, -0.426343
38, -0.168941
39, 0.002715
1, 0.220734
0, 0.009500
4, 0.994259
5, 1.108497
2, 0.467681
4, 0.681713
6, 1.257815
7, 1.392379
8, 1.480785
16, 0.874203
20, -0.135822
18, 0.354383
10, 1.545702
14, 1.172989
12, 1.503415
13, 1.330101
9, 1.534825
20, 0.127896
23, -0.888209
17, 0.587416
12, 1.439176
15, 1.000271
21, -0.379442
24, -1.001973
22, -0.612826
25, -1.152965
26, -1.309499
28, -1.409475
28, -1.492324
29, -1.525869
30, -1.515844
31, -1.462834
32, -1.375811
33, -1.241022
34, -1.079396
36, -0.949130
36, -0.736954
37, -0.416689
38, -0.159287
39, 0.002715
0, 0.009500
2, 0.461492
1, 0.215830
4, 0.673068
4, 0.990491
13, 1.320416
9, 1.525222
7, 1.382778
5, 1.101756
8, 1.471132
10, 1.536069
12, 1.429511
12, 1.493720
6, 1.248205
14, 1.163307
16, 0.870351
17, 0.579447
18, 0.348535
20, 0.126248
20, -0.137470
15, 0.990667
21, -0.378932
22, -0.610199
26, -1.299813
23, -0.888544
34, -1.069909
30, -1.506212
24, -0.996744
38, -0.149649
28, -1.399872
28, -1.482642
32, -1.366208
33, -1.231412
36, -0.943891
39, 0.002715
25, -1.143369
31, -1.453157
37, -0.407051
36, -0.735385
29, -1.516191
2, 0.455399
0, 0.009500
1, 0.208529
4, 0.986451
4, 0.664500
9, 1.515612
14, 1.153622
5, 1.095590
8, 1.461465
10, 1.526406
12, 1.419834
13, 1.310733
17, 0.571461
18, 0.342672
6, 1.238550
7, 1.373169
12, 1.484025
15, 0.981284
16, 0.865642
20, -0.139117
20, 0.124611
23, -0.888422
22, -0.607553
24, -0.992009
25, -1.133775
26, -1.290127
28, -1.390275
28, -1.472954
29, -1.506507
30, -1.496548
21, -0.378406
31, -1.443478
33, -1.221756
36, -0.937995
38, -0.140028
37, -0.397430
39, 0.002715
32, -1.356599
36, -0.733869
34, -1.060925
0, 0.009500
2, 0.449454
1, 0.198909
4, 0.655306
6, 1.228881
5, 1.089414
12, 1.410150
15, 0.972518
17, 0.563460
8, 1.451787
14, 1.143943
18, 0.336798
10, 1.516730
7, 1.363518
4, 0.982208
9, 1.505977
13, 1.301061
16, 0.860545
12, 1.474340
20, -0.140755
21, -0.377865
22, -0.604888
23, -0.887934
24, -0.987257
26, -1.280448
25, -1.124439
28, -1.380673
28, -1.463269
20, 0.123008
29, -1.496824
30, -1.486872
31, -1.433802
32, -1.346964
33, -1.212085
34, -1.052260
37, -0.387820
38, -0.130418
36, -0.732392
39, 0.002715
36, -0.931796
2, 0.443573
4, 0.645482
0, 0.009500
1, 0.189207
4, 0.977809
5, 1.082667
12, 1.400466
15, 0.964120
17, 0.555452
8, 1.442105
7, 1.353852
16, 0.855109
20, -0.142357
6, 1.219201
10, 1.507046
14, 1.134276
18, 0.330918
13, 1.291404
12, 1.464680
9, 1.496313
21, -0.377311
23, -0.887126
22, -0.602207
24, -0.982103
20, 0.121448
25, -1.115885
26, -1.270783
28, -1.371042
28, -1.453594
29, -1.487150
30, -1.477188
31, -1.424135
32, -1.337301
39, 0.002715
37, -0.378215
36, -0.731001
34, -1.043891
33, -1.202402
36, -0.922138
38, -0.120813
1, 0.179517
0, 0.009500
2, 0.437772
4, 0.635625
5, 1.075777
4, 0.973296
7, 1.344174
13, 1.281763
17, 0.547448
8, 1.432425
9, 1.486634
20, 0.119908
14, 1.124624
12, 1.455049
12, 1.390790
18, 0.325042
15, 0.956044
6, 1.209517
10, 1.497361
16, 0.849407
20, -0.143918
22, -0.599513
23, -0.886142
24, -0.976824
25, -1.107750
26, -1.261135
28, -1.361377
28, -1.443935
29, -1.477490
30, -1.467503
31, -1.414480
32, -1.327623
33, -1.192715
21, -0.376748
34, -1.035752
36, -0.729397
38, -0.111202
37, -0.368604
36, -0.912456
39, 0.002715
0, 0.009500
1, 0.169881
4, 0.625884
2, 0.434513
5, 1.068807
6, 1.199834
4, 0.968702
10, 1.487683
12, 1.381126
9, 1.476947
7, 1.334491
14, 1.114987
12, 1.445435
13, 1.272136
15, 0.948148
8, 1.422753
16, 0.843492
18, 0.316747
17, 0.539507
20, 0.118385
20, -0.145458
22, -0.596810
21, -0.376178
23, -0.884789
24, -0.971484
25, -1.100017
31, -1.404840
33, -1.183032
36, -0.902758
36, -0.727427
37, -0.358979
39, 0.002715
26, -1.251502
28, -1.434292
34, -1.027735
28, -1.351698
30, -1.457825
32, -1.317935
38, -0.101577
29, -1.467845
1, 0.160265
0, 0.009500
2, 0.433672
4, 0.964072
16, 0.837414
10, 1.478020
15, 0.940623
4, 0.616279
6, 1.190163
5, 1.061764
12, 1.371481
12, 1.435832
9, 1.467261
7, 1.324809
8, 1.413097
13, 1.262521
14, 1.105367
18, 0.306223
20, 0.119351
17, 0.531660
21, -0.375602
20, -0.146981
22, -0.594104
23, -0.883259
24, -0.966077
25, -1.092630
26, -1.241884
28, -1.342014
28, -1.424669
29, -1.458217
33, -1.173361
30, -1.448162
32, -1.308249
38, -0.091923
34, -1.019955
36, -0.893054
39, 0.002715
37, -0.349325
31, -1.395213
36, -0.725225
2, 0.433690
0, 0.009500
1, 0.150664
4, 0.959387
20, -0.148489
5, 1.054678
8, 1.403459
20, 0.122672
14, 1.095758
15, 0.933278
17, 0.523849
12, 1.426232
6, 1.180509
9, 1.457585
7, 1.315139
4, 0.606693
18, 0.296644
16, 0.831256
12, 1.361855
10, 1.468376
13, 1.252912
21, -0.375021
22, -0.591402
23, -0.881570
24, -0.960631
25, -1.085461
26, -1.232275
28, -1.332332
28, -1.415059
29, -1.448604
30, -1.438519
31, -1.385598
32, -1.298572
34, -1.012281
33, -1.163708
36, -0.722911
37, -0.339655
39, 0.002715
36, -0.883356
38, -0.082253
0, 0.009500
1, 0.141069
2, 0.434403
4, 0.597115
4, 0.954685
9, 1.447928
6, 1.170875
8, 1.393839
10, 1.458752
5, 1.047567
14, 1.086152
15, 0.926091
12, 1.416625
16, 0.824949
13, 1.243301
12, 1.352245
7, 1.305486
18, 0.287103
17, 0.516065
20, -0.149986
20, 0.126549
22, -0.588710
21, -0.374437
23, -0.879761
26, -1.222668
25, -1.078738
28, -1.405457
28, -1.322659
29, -1.438998
30, -1.428894
31, -1.375987
32, -1.288913
33, -1.154077
36, -0.873691
34, -1.004696
36, -0.720365
37, -0.329975
38, -0.072573
39, 0.002715
24, -0.955164
1, 0.131470
2, 0.435713
0, 0.009500
4, 0.949969
5, 1.040438
4, 0.587532
9, 1.438289
12, 1.406973
14, 1.076541
15, 0.919040
16, 0.818582
18, 0.277579
17, 0.508325
20, -0.151477
6, 1.161257
13, 1.233682
7, 1.295851
10, 1.449142
12, 1.342641
8, 1.384230
20, 0.130974
21, -0.374066
23, -0.877869
24, -0.949678
25, -1.072245
26, -1.213056
28, -1.313001
28, -1.395852
29, -1.429391
22, -0.586037
31, -1.366373
33, -1.144462
36, -0.717748
39, 0.002715
34, -0.997203
36, -0.864064
38, -0.062891
30, -1.419284
37, -0.320293
32, -1.279274
0, 0.009500
1, 0.121878
2, 0.437467
4, 0.577875
5, 1.033229
7, 1.286231
9, 1.428668
15, 0.912066
4, 0.945247
12, 1.397305
14, 1.066907
12, 1.333034
13, 1.224042
16, 0.812171
18, 0.267986
17, 0.500608
8, 1.374623
6, 1.151664
10, 1.439537
20, -0.152970
21, -0.373430
22, -0.583463
23, -0.875944
24, -0.944181
25, -1.065419
26, -1.203421
28, -1.303358
28, -1.386235
29, -1.419773
20, 0.135910
39, 0.002715
30, -1.409680
36, -0.854457
32, -1.269653
34, -0.989754
36, -0.715101
37, -0.310615
33, -1.134857
31, -1.356748
38, -0.053213
2, 0.439006
1, 0.112755
0, 0.009500
4, 0.568202
16, 0.805736
9, 1.419056
5, 1.025939
13, 1.214379
10, 1.429928
12, 1.387625
8, 1.365008
12, 1.323415
14, 1.057247
6, 1.142278
7, 1.276620
4, 0.940529
15, 0.905249
18, 0.258312
17, 0.492912
20, 0.140425
20, -0.154475
21, -0.372782
22, -0.580943
28, -1.293730
29, -1.410121
28, -1.376579
30, -1.400071
25, -1.058147
26, -1.193759
23, -0.873983
24, -0.938664
32, -1.260043
33, -1.125252
34, -0.982384
36, -0.711635
37, -0.300948
36, -0.844859
38, -0.043546
39, 0.002715
31, -1.347106
2, 0.440101
1, 0.104612
0, 0.009500
4, 0.558517
4, 0.935862
18, 0.248622
13, 1.204702
16, 0.799268
20, 0.144081
8, 1.355381
15, 0.898524
6, 1.133308
14, 1.047573
7, 1.267009
12, 1.377942
10, 1.420308
17, 0.485245
9, 1.409448
20, -0.156079
12, 1.313763
5, 1.018628
22, -0.578471
21, -0.372268
23, -0.871672
24, -0.933177
25, -1.050642
26, -1.184083
28, -1.284115
28, -1.366907
29, -1.400454
30, -1.390450
32, -1.250436
33, -1.115638
34, -0.974635
36, -0.835262
37, -0.291294
36, -0.707749
39, 0.002715
38, -0.033892
31, -1.337447
0, 0.009500
6, 1.124538
7, 1.257393
1, 0.096960
8, 1.345730
2, 0.440862
9, 1.399838
10, 1.410657
12, 1.368265
4, 0.548827
12, 1.304097
16, 0.792781
15, 0.891914
14, 1.037893
17, 0.477600
18, 0.238924
20, 0.147153
20, -0.157719
21, -0.371934
22, -0.573572
23, -0.869289
24, -0.928118
25, -1.043033
26, -1.174400
29, -1.390776
28, -1.274507
30, -1.380800
28, -1.357225
31, -1.327775
32, -1.240825
33, -1.106002
34, -0.966253
36, -0.825652
36, -0.703540
37, -0.281656
4, 0.931274
5, 1.011306
38, -0.024254
13, 1.195018
39, 0.002715
0, 0.009500
2, 0.440995
4, 0.926714
5, 1.003985
7, 1.247766
12, 1.358600
12, 1.294421
13, 1.185336
15, 0.885365
14, 1.028214
16, 0.786281
18, 0.229231
17, 0.469976
20, -0.159386
20, 0.149715
22, -0.566365
23, -0.866719
21, -0.374858
26, -1.164718
25, -1.035334
28, -1.264898
28, -1.347541
29, -1.381096
30, -1.371135
31, -1.318097
32, -1.231204
33, -1.096343
34, -0.957542
36, -0.815995
36, -0.698566
37, -0.272033
38, -0.014631
39, 0.002715
1, 0.089770
4, 0.539143
9, 1.390217
10, 1.400993
24, -0.923202
6, 1.115951
8, 1.336065
0, 0.009500
1, 0.083001
2, 0.440790
4, 0.922217
4, 0.529473
5, 0.996745
6, 1.107530
7, 1.238123
8, 1.326390
9, 1.380566
10, 1.391318
12, 1.284741
12, 1.348949
14, 1.018543
13, 1.175664
16, 0.779776
15, 0.878513
17, 0.462371
18, 0.219600
20, 0.151795
20, -0.161105
22, -0.558785
21, -0.378762
24, -0.918366
25, -1.027608
26, -1.155046
23, -0.864090
28, -1.255280
28, -1.337863
29, -1.371420
30, -1.361461
31, -1.308419
32, -1.221553
36, -0.806323
34, -0.948614
36, -0.693256
38, -0.005019
37, -0.262422
39, 0.002715
33, -1.086671
0, 0.009500
4, 0.917757
2, 0.440303
6, 1.099257
5, 0.989649
7, 1.228464
8, 1.316710
9, 1.370900
10, 1.381639
12, 1.339314
13, 1.166007
12, 1.275064
14, 1.008884
16, 0.773276
15, 0.871078
17, 0.454782
18, 0.210410
20, 0.153480
21, -0.383921
22, -0.550425
23, -0.861415
24, -0.913608
25, -1.019854
26, -1.145389
28, -1.245629
28, -1.328197
29, -1.361754
30, -1.351781
31, -1.298747
32, -1.211888
33, -1.076992
1, 0.076612
34, -0.939500
36, -0.796887
37, -0.252814
4, 0.519823
39, 0.002715
20, -0.162850
36, -0.687647
38, 0.004589
2, 0.439571
1, 0.070554
0, 0.009500
5, 0.982627
4, 0.913379
6, 1.091071
4, 0.510194
7, 1.218791
10, 1.371960
9, 1.361223
8, 1.307032
12, 1.329690
14, 0.999238
12, 1.265395
13, 1.156366
15, 0.863321
17, 0.447206
16, 0.766793
18, 0.201944
20, 0.154688
20, -0.164640
22, -0.541673
23, -0.858723
24, -0.908901
25, -1.012088
26, -1.135747
28, -1.235962
28, -1.318545
29, -1.352101
32, -1.202211
33, -1.067310
34, -0.930259
36, -0.788146
36, -0.681807
39, 0.002715
37, -0.243201
38, 0.014202
21, -0.389682
31, -1.289084
30, -1.342103
0, 0.009500
2, 0.438653
5, 0.975661
4, 0.909047
6, 1.083068
7, 1.209109
8, 1.297360
9, 1.351539
1, 0.064938
10, 1.362288
4, 0.500582
22, -0.532659
26, -1.126119
31, -1.279435
32, -1.192528
12, 1.320076
20, 0.155087
23, -0.856014
29, -1.342461
30, -1.332431
34, -0.920970
13, 1.146738
12, 1.255738
17, 0.439645
25, -1.004320
28, -1.308909
18, 0.193759
33, -1.057633
38, 0.023828
24, -0.904224
36, -0.675789
39, 0.002715
15, 0.855346
14, 0.989605
21, -0.396000
20, -0.166451
16, 0.760382
28, -1.226284
37, -0.233575
36, -0.779792
1, 0.060085
2, 0.437224
4, 0.491155
4, 0.904819
6, 1.075160
7, 1.199425
8, 1.287703
9, 1.341858
10, 1.352631
12, 1.246097
12, 1.310464
14, 0.979985
13, 1.137122
15, 0.847186
16, 0.753994
17, 0.432100
18, 0.186211
20, 0.155115
21, -0.402047
22, -0.524105
23, -0.853291
24, -0.899590
25, -0.996564
26, -1.116501
28, -1.216604
28, -1.299288
29, -1.332835
30, -1.322773
31, -1.269801
32, -1.182847
33, -1.047969
36, -0.771744
36, -0.669639
34, -0.911625
38, 0.033472
37, -0.223923
39, 0.002715
5, 0.968818
20, -0.168297
0, 0.009500
0, 0.009500
1, 0.055618
9, 1.332189
8, 1.278063
4, 0.482375
5, 0.962430
6, 1.067343
7, 1.189749
2, 0.435631
4, 0.900571
10, 1.342990
12, 1.300848
13, 1.127511
12, 1.236472
14, 0.970372
16, 0.747623
15, 0.838895
17, 0.424595
18, 0.178940
20, 0.154872
20, -0.170161
21, -0.407563
22, -0.516540
23, -0.850559
24, -0.894979
25, -0.988986
26, -1.106890
28, -1.289678
28, -1.206928
29, -1.323219
30, -1.313133
31, -1.260181
32, -1.173176
33, -1.038321
34, -0.902264
36, -0.763851
36, -0.663428
37, -0.214255
38, 0.043133
39, 0.002715
0, 0.009500
1, 0.051468
2, 0.433662
4, 0.474079
6, 1.059585
8, 1.268439
9, 1.322537
10, 1.333366
12, 1.226858
12, 1.291222
15, 0.830543
14, 0.960760
17, 0.417153
18, 0.171907
20, 0.154406
21, -0.412502
24, -0.890389
25, -0.981420
26, -1.097277
28, -1.197263
28, -1.280071
29, -1.313609
30, -1.303509
31, -1.250569
36, -0.657114
34, -0.892903
37, -0.204578
39, 0.002715
5, 0.956260
4, 0.895945
7, 1.180088
13, 1.117899
16, 0.741261
20, -0.172042
22, -0.509610
23, -0.847825
33, -1.028753
32, -1.163523
38, 0.052807
36, -0.756260
0, 0.009500
1, 0.047666
2, 0.431556
4, 0.466168
5, 0.950257
4, 0.891252
6, 1.051951
7, 1.170446
8, 1.258827
9, 1.312903
10, 1.323754
12, 1.217249
14, 0.951147
13, 1.108279
12, 1.281579
15, 0.822089
16, 0.734898
18, 0.165303
20, -0.173937
20, 0.153527
21, -0.417009
22, -0.503239
23, -0.845097
25, -0.973853
24, -0.885815
26, -1.087657
28, -1.187611
30, -1.293896
28, -1.270458
32, -1.153887
29, -1.303994
33, -1.019390
34, -0.883655
36, -0.650773
36, -0.748785
37, -0.194897
38, 0.062455
39, 0.002715
17, 0.409744
31, -1.240958
0, 0.009500
1, 0.043964
2, 0.429343
4, 0.458593
4, 0.886535
6, 1.044331
5, 0.944562
7, 1.160820
10, 1.314145
9, 1.303282
20, 0.152439
24, -0.881250
28, -1.177973
29, -1.294369
36, -0.741399
36, -0.644416
38, 0.071507
12, 1.271918
12, 1.207636
14, 0.941555
16, 0.728527
20, -0.175844
23, -0.842409
28, -1.260832
32, -1.144267
8, 1.249219
15, 0.813610
17, 0.402363
21, -0.421075
26, -1.078019
30, -1.284287
33, -1.010148
37, -0.185221
25, -0.966168
34, -0.874616
22, -0.497384
31, -1.231340
18, 0.158936
13, 1.098640
39, 0.002715
0, 0.009500
1, 0.040582
2, 0.427071
4, 0.451202
4, 0.881802
12, 1.198010
5, 0.939011
6, 1.036718
16, 0.722147
7, 1.151205
9, 1.293669
12, 1.262243
14, 0.932396
17, 0.395038
10, 1.304530
15, 0.805114
13, 1.088980
8, 1.239604
18, 0.152724
20, -0.177761
20, 0.151148
21, -0.424905
24, -0.876689
23, -0.839766
22, -0.491966
25, -0.958468
26, -1.068359
28, -1.168347
28, -1.251178
29, -1.284727
30, -1.274672
32, -1.134655
33, -1.001018
34, -0.865685
36, -0.734083
31, -1.221706
36, -0.638046
38, 0.079950
37, -0.175560
39, 0.002715
0, 0.009500
2, 0.424777
1, 0.037393
4, 0.444186
4, 0.877067
5, 0.933580
6, 1.029078
9, 1.284058
7, 1.141594
15, 0.796608
17, 0.387744
18, 0.146797
20, 0.149770
21, -0.428250
8, 1.229977
10, 1.294903
12, 1.252561
14, 0.923400
12, 1.188368
22, -0.486782
13, 1.079304
20, -0.179682
16, 0.715757
23, -0.837141
24, -0.872123
25, -0.950766
26, -1.058685
28, -1.158730
28, -1.241508
29, -1.275067
30, -1.265045
31, -1.212056
32, -1.125044
34, -0.856876
36, -0.726807
33, -0.991955
37, -0.166071
39, 0.002715
38, 0.088034
36, -0.631674
2, 0.422467
4, 0.437344
1, 0.034318
4, 0.872343
6, 1.021407
5, 0.928252
7, 1.131980
9, 1.274441
8, 1.220335
12, 1.178709
0, 0.009500
12, 1.242881
13, 1.069621
14, 0.914558
15, 0.788104
16, 0.709365
17, 0.380513
20, 0.148223
10, 1.285261
24, -0.867548
25, -0.943137
23, -0.834533
22, -0.482466
26, -1.049003
29, -1.265395
28, -1.149118
28, -1.231827
30, -1.255404
31, -1.202391
32, -1.115428
33, -0.983033
34, -0.848154
36, -0.625310
36, -0.719603
37, -0.156674
38, 0.095703
39, 0.002715
18, 0.141003
21, -0.430977
20, -0.181600
1, 0.031467
0, 0.009500
2, 0.420016
4, 0.430914
4, 0.867742
5, 0.922983
8, 1.210677
14, 0.905858
9, 1.264814
10, 1.275604
12, 1.233209
7, 1.122359
6, 1.013735
13, 1.059940
12, 1.169039
15, 0.779670
16, 0.702979
17, 0.373316
18, 0.135320
20, 0.146612
20, -0.183511
21, -0.433355
22, -0.478524
23, -0.831937
24, -0.862959
25, -0.935608
26, -1.039323
28, -1.139502
28, -1.222144
30, -1.245746
29, -1.255716
31, -1.192717
32, -1.105801
33, -0.974184
34, -0.839629
36, -0.712437
36, -0.619016
38, 0.103137
37, -0.147340
39, 0.002715
0, 0.009500
2, 0.417408
1, 0.028732
4, 0.424709
4, 0.863174
5, 0.917828
6, 1.006163
7, 1.112721
8, 1.201007
10, 1.265935
13, 1.050269
12, 1.159361
12, 1.223551
9, 1.255171
14, 0.897248
15, 0.771359
16, 0.696608
17, 0.366189
18, 0.129736
20, 0.144955
20, -0.185407
21, -0.435376
22, -0.474961
23, -0.829349
24, -0.858357
26, -1.029651
25, -0.928107
28, -1.129876
28, -1.212467
29, -1.246038
30, -1.236077
31, -1.183038
32, -1.096158
33, -0.965407
34, -0.831231
36, -0.705298
36, -0.612822
37, -0.138141
38, 0.110019
39, 0.002715
1, 0.026350
0, 0.009500
2, 0.414743
5, 0.912731
4, 0.858673
8, 1.191329
4, 0.418743
6, 0.998741
7, 1.103064
9, 1.245512
12, 1.149682
10, 1.256257
12, 1.213908
13, 1.040611
14, 0.888835
15, 0.763111
16, 0.690326
17, 0.359097
18, 0.124211
23, -0.826764
29, -1.236366
20, 0.143267
26, -1.019993
28, -1.120234
30, -1.226400
25, -0.920630
28, -1.202801
20, -0.187282
22, -0.471673
21, -0.437138
31, -1.173362
24, -0.853749
32, -1.086500
33, -0.956675
34, -0.822962
36, -0.698213
36, -0.606666
37, -0.129028
38, 0.116566
39, 0.002715
1, 0.024087
0, 0.009500
2, 0.412059
4, 0.412896
4, 0.854209
5, 0.907672
6, 0.991368
8, 1.181649
9, 1.235839
12, 1.204278
10, 1.246577
13, 1.030969
12, 1.140007
14, 0.880540
18, 0.118803
15, 0.754914
17, 0.352078
20, -0.189118
16, 0.684069
20, 0.141562
21, -0.438755
22, -0.468618
25, -0.913176
26, -1.010350
28, -1.193149
29, -1.226704
28, -1.110575
7, 1.093393
30, -1.216719
31, -1.163693
32, -1.076827
33, -0.948034
34, -0.814776
36, -0.691158
36, -0.600557
38, 0.122761
37, -0.119976
39, 0.002715
23, -0.824183
24, -0.849144
0, 0.009500
1, 0.022103
2, 0.409361
4, 0.407300
4, 0.849821
5, 0.902687
6, 0.984048
7, 1.083713
8, 1.171972
9, 1.226157
10, 1.236900
12, 1.194659
12, 1.130342
14, 0.872372
13, 1.021340
15, 0.746830
16, 0.677836
17, 0.345111
18, 0.113706
20, -0.190931
20, 0.139688
21, -0.440094
22, -0.465681
23, -0.821604
28, -1.183512
29, -1.217056
28, -1.100902
24, -0.844505
26, -1.000721
25, -0.906126
30, -1.207043
31, -1.154035
32, -1.067146
33, -0.939448
34, -0.806771
37, -0.111051
36, -0.594483
36, -0.684162
39, 0.002715
38, 0.128595
0, 0.009500
1, 0.020251
2, 0.406657
4, 0.845487
5, 0.897746
12, 1.120692
8, 1.162307
4, 0.401830
7, 1.074031
12, 1.185047
13, 1.011722
9, 1.216474
15, 0.738825
6, 0.976767
10, 1.227235
14, 0.864296
16, 0.671635
17, 0.338181
20, -0.192724
18, 0.108751
21, -0.441314
22, -0.462971
23, -0.819031
24, -0.839428
26, -0.991101
25, -0.899178
28, -1.091223
28, -1.173890
29, -1.207422
30, -1.197378
20, 0.137601
31, -1.144393
34, -0.798872
33, -0.930900
38, 0.133999
32, -1.057462
36, -0.588485
37, -0.102209
36, -0.677198
39, 0.002715
2, 0.403958
1, 0.018521
0, 0.009500
4, 0.396475
5, 0.892837
4, 0.841193
6, 0.969563
8, 1.152659
7, 1.064367
9, 1.206799
12, 1.111060
12, 1.175435
10, 1.217587
13, 1.002109
17, 0.331330
16, 0.665494
15, 0.730876
18, 0.103908
20, 0.135428
20, -0.194500
21, -0.442442
22, -0.460351
23, -0.816467
24, -0.834218
25, -0.892494
26, -0.981488
28, -1.081545
28, -1.164277
29, -1.197802
30, -1.187729
31, -1.134766
32, -1.047787
33, -0.922431
14, 0.856408
34, -0.791076
36, -0.670301
36, -0.582524
38, 0.139146
37, -0.093426
39, 0.002715
0, 0.009500
1, 0.016863
4, 0.391224
2, 0.401312
4, 0.836979
5, 0.887990
6, 0.962406
7, 1.055004
8, 1.143028
9, 1.197139
12, 1.165815
10, 1.207955
12, 1.101441
13, 0.992497
14, 0.848629
22, -0.458050
24, -0.829008
21, -0.443244
18, 0.099269
16, 0.659332
17, 0.324517
20, 0.133211
25, -0.885920
15, 0.723411
23, -0.813886
20, -0.196263
26, -0.971874
28, -1.154668
29, -1.188190
28, -1.071874
30, -1.178098
31, -1.125151
33, -0.914013
34, -0.783346
32, -1.038125
36, -0.576640
36, -0.663439
38, 0.143682
37, -0.084146
39, 0.002715
0, 0.009500
2, 0.398746
1, 0.015342
4, 0.386039
4, 0.832819
5, 0.883173
6, 0.955285
8, 1.133411
7, 1.045797
9, 1.187497
12, 1.156177
10, 1.198338
12, 1.091831
13, 0.982877
14, 0.840957
15, 0.716152
16, 0.652732
17, 0.317783
20, 0.130951
20, -0.198014
18, 0.094735
21, -0.443953
23, -0.811014
22, -0.455887
25, -0.879447
24, -0.823924
26, -0.962254
28, -1.062214
28, -1.145055
29, -1.178579
30, -1.168481
31, -1.115541
32, -1.028482
33, -0.905631
34, -0.775757
36, -0.656649
36, -0.570810
37, -0.074384
38, 0.147832
39, 0.002715
0, 0.009500
2, 0.396208
1, 0.013895
4, 0.380987
4, 0.828697
5, 0.878419
8, 1.123802
10, 1.188728
6, 0.948236
12, 1.082221
13, 0.973239
7, 1.036743
9, 1.177871
12, 1.146518
14, 0.832913
15, 0.709051
16, 0.646048
18, 0.090297
17, 0.311104
20, 0.128666
20, -0.199752
21, -0.444440
22, -0.453825
23, -0.808055
24, -0.819021
25, -0.873027
26, -0.952634
28, -1.052568
28, -1.135429
29, -1.168961
30, -1.158870
31, -1.105927
32, -1.018856
33, -0.897323
34, -0.768248
36, -0.649871
36, -0.565020
38, 0.151559
37, -0.064595
39, 0.002715
0, 0.009500
2, 0.393721
1, 0.012497
4, 0.376013
4, 0.824654
6, 0.941221
9, 1.168254
8, 1.114190
7, 1.027786
5, 0.873698
10, 1.179116
13, 0.963580
12, 1.072601
15, 0.702239
14, 0.824349
16, 0.639336
17, 0.304466
18, 0.085921
20, 0.126363
21, -0.444838
22, -0.451929
23, -0.805050
24, -0.814151
26, -0.943144
25, -0.866711
28, -1.125777
29, -1.159327
28, -1.042935
30, -1.149258
31, -1.096301
33, -0.889051
32, -1.009240
12, 1.136845
34, -0.760820
36, -0.643097
37, -0.054809
38, 0.154983
39, 0.002715
20, -0.201473
36, -0.559311
1, 0.011190
2, 0.391264
0, 0.009500
4, 0.371089
4, 0.820662
5, 0.869045
8, 1.104569
9, 1.158642
6, 0.934274
18, 0.081673
21, -0.445157
23, -0.802001
25, -0.860449
28, -1.033314
28, -1.116108
31, -1.086660
33, -0.880852
36, -0.553641
36, -0.636289
39, 0.002715
17, 0.297914
16, 0.632603
24, -0.809305
32, -0.999629
38, 0.157247
12, 1.062968
20, 0.124042
20, -0.203160
7, 1.019039
12, 1.127165
22, -0.450102
14, 0.815550
29, -1.149677
34, -0.753444
30, -1.139637
10, 1.169495
26, -0.933925
13, 0.953906
15, 0.695546
37, -0.045192
1, 0.009923
0, 0.009500
2, 0.388805
4, 0.366520
4, 0.816707
7, 1.010414
5, 0.864371
6, 0.927592
8, 1.094935
9, 1.149029
12, 1.117486
10, 1.159861
14, 0.806649
12, 1.053317
13, 0.944225
15, 0.688869
16, 0.625856
17, 0.291419
18, 0.077503
20, 0.121706
20, -0.204798
21, -0.445437
23, -0.798931
22, -0.448325
25, -0.854226
24, -0.804476
28, -1.023701
26, -0.924842
28, -1.106429
29, -1.140011
30, -1.130004
31, -1.077004
32, -0.990028
33, -0.872661
36, -0.629448
34, -0.746176
36, -0.548050
38, 0.159081
37, -0.035599
39, 0.002715
0, 0.009500
2, 0.386103
1, 0.008727
4, 0.362095
4, 0.812825
5, 0.859269
6, 0.921296
12, 1.043653
12, 1.107814
7, 1.001910
8, 1.085285
17, 0.284965
9, 1.139407
14, 0.797678
16, 0.619104
13, 0.934545
15, 0.682202
10, 1.150213
18, 0.073387
20, 0.119357
20, -0.206414
21, -0.445646
22, -0.446577
26, -0.915846
28, -1.014088
28, -1.096748
30, -1.120356
31, -1.067335
32, -0.980540
34, -0.738968
36, -0.622606
33, -0.864468
36, -0.542513
37, -0.026203
23, -0.795827
38, 0.158060
24, -0.799661
39, 0.002715
29, -1.130336
25, -0.848079
1, 0.007569
0, 0.009500
2, 0.383340
4, 0.357783
5, 0.854080
6, 0.915184
9, 1.129773
20, 0.116999
23, -0.792705
12, 1.098156
14, 0.788690
16, 0.612360
17, 0.278598
13, 0.924873
12, 1.033979
15, 0.675527
18, 0.069384
22, -0.444873
10, 1.140551
7, 0.993485
4, 0.808977
20, -0.208009
8, 1.075621
21, -0.445824
24, -0.794858
25, -0.841986
26, -0.907029
28, -1.004469
28, -1.087072
29, -1.120657
30, -1.110694
31, -1.057659
32, -0.971293
33, -0.856173
34, -0.731803
36, -0.615861
37, -0.021561
38, 0.154322
39, 0.002715
36, -0.537014
1, 0.006448
0, 0.009500
2, 0.380559
4, 0.805191
4, 0.353677
5, 0.848861
8, 1.065947
9, 1.120122
12, 1.088511
10, 1.130878
7, 0.985226
13, 0.915215
14, 0.779691
6, 0.909204
12, 1.024300
16, 0.605751
15, 0.668762
17, 0.269754
20, 0.114639
18, 0.065454
20, -0.209578
21, -0.445953
22, -0.443192
23, -0.789569
25, -0.835871
24, -0.790073
26, -0.898674
30, -1.101021
28, -0.994835
28, -1.077406
29, -1.110981
31, -1.047981
33, -0.847867
34, -0.724719
32, -0.962173
36, -0.531598
36, -0.609270
38, 0.149252
39, 0.002715
37, -0.016660
2, 0.377759
1, 0.005386
0, 0.009500
4, 0.801435
4, 0.349674
14, 0.770695
18, 0.061575
20, -0.211107
7, 0.977066
5, 0.843618
8, 1.056266
6, 0.903350
12, 1.014622
17, 0.258694
12, 1.078880
10, 1.121198
21, -0.446009
15, 0.661979
13, 0.905572
9, 1.110454
16, 0.599188
20, 0.112283
24, -0.785351
23, -0.786418
25, -0.829335
22, -0.441532
26, -0.890545
28, -0.985185
28, -1.067754
29, -1.101313
30, -1.091341
31, -1.038306
32, -0.953138
33, -0.839564
34, -0.717684
36, -0.602738
36, -0.526237
38, 0.143916
37, -0.006958
39, 0.002715
0, 0.009500
1, 0.004358
2, 0.374946
4, 0.345761
4, 0.797733
10, 1.111518
20, -0.212614
16, 0.592661
8, 1.046586
20, 0.109938
5, 0.838361
9, 1.100775
18, 0.057805
14, 0.761790
17, 0.249768
12, 1.004951
15, 0.655184
13, 0.895942
12, 1.069259
7, 0.969003
6, 0.897600
22, -0.439889
21, -0.446026
23, -0.783258
25, -0.822712
24, -0.780652
26, -0.882583
28, -0.975519
28, -1.058115
29, -1.091656
30, -1.081660
31, -1.028640
37, 0.002758
36, -0.520917
33, -0.831372
32, -0.944278
38, 0.138504
34, -0.710683
39, 0.002715
36, -0.596273
2, 0.372124
1, 0.003362
0, 0.009500
4, 0.341930
6, 0.891914
5, 0.833096
7, 0.961001
4, 0.794059
8, 1.036915
9, 1.091091
10, 1.101845
12, 0.995293
12, 1.059645
14, 0.753047
16, 0.586213
13, 0.886321
15, 0.648383
17, 0.240451
18, 0.057195
20, -0.214097
20, 0.107608
21, -0.446020
22, -0.438258
23, -0.780091
24, -0.775977
25, -0.816062
26, -0.874927
28, -1.048491
30, -1.071987
36, -0.515680
31, -1.018989
32, -0.935520
29, -1.082014
36, -0.589856
37, 0.012484
38, 0.133654
39, 0.002715
34, -0.703745
28, -0.965843
33, -0.823347
2, 0.369304
1, 0.002397
0, 0.009500
4, 0.790435
4, 0.338152
12, 1.050032
10, 1.092187
13, 0.876708
5, 0.827838
15, 0.641586
9, 1.081412
12, 0.985652
14, 0.744383
8, 1.027259
6, 0.886355
7, 0.953130
16, 0.579804
17, 0.230677
18, 0.057565
20, 0.105297
20, -0.215540
21, -0.445971
24, -0.771325
25, -0.809389
23, -0.776921
22, -0.436632
26, -0.867414
28, -1.038876
28, -0.956164
29, -1.072387
32, -0.926864
38, 0.129940
31, -1.009354
34, -0.696815
30, -1.062329
39, 0.002715
37, 0.022184
36, -0.510500
36, -0.583541
33, -0.815391
0, 0.009500
2, 0.366496
1, 0.001461
4, 0.334478
4, 0.786836
5, 0.822641
6, 0.880868
10, 1.082546
12, 0.976027
12, 1.040412
13, 0.867094
9, 1.071745
15, 0.634801
16, 0.573476
14, 0.735803
8, 1.017620
20, 0.103035
17, 0.220876
7, 0.945335
20, -0.216962
21, -0.445901
18, 0.059184
22, -0.435005
24, -0.766697
23, -0.773755
25, -0.802700
26, -0.860018
28, -1.029266
28, -0.946489
30, -1.052689
29, -1.062772
31, -0.999733
32, -0.918273
33, -0.807511
34, -0.689887
36, -0.577292
36, -0.505361
37, 0.031865
39, 0.002715
38, 0.127101
0, 0.009500
2, 0.363766
1, 0.000550
4, 0.783286
5, 0.817534
13, 0.857473
18, 0.061214
6, 0.875363
14, 0.727283
8, 1.007998
15, 0.628051
20, -0.218360
17, 0.211153
7, 0.937828
12, 0.966414
9, 1.062095
12, 1.030779
10, 1.072922
16, 0.567205
20, 0.100802
23, -0.770597
21, -0.445809
24, -0.762106
25, -0.796001
26, -0.852724
28, -0.936822
28, -1.019652
29, -1.053162
30, -1.043064
31, -0.990122
32, -0.909822
33, -0.799714
36, -0.571088
36, -0.500309
34, -0.682853
37, 0.041527
39, 0.002715
38, 0.124938
4, 0.330865
22, -0.433371
0, 0.009500
1, -0.000335
2, 0.361057
4, 0.327293
4, 0.779761
12, 0.956805
5, 0.812464
8, 0.998385
9, 1.052461
12, 1.021128
7, 0.930752
13, 0.847840
10, 1.063308
6, 0.869454
14, 0.718889
15, 0.621348
16, 0.560974
17, 0.201523
18, 0.064184
21, -0.445683
20, 0.098634
22, -0.431725
20, -0.219717
23, -0.767450
24, -0.757540
25, -0.789302
28, -0.927167
26, -0.845490
30, -1.033451
29, -1.043548
28, -1.010026
31, -0.980511
32, -0.901454
33, -0.791975
34, -0.675807
36, -0.564978
36, -0.495314
37, 0.051165
39, 0.002715
38, 0.123476
2, 0.358369
1, -0.001198
0, 0.009500
4, 0.776285
4, 0.323803
10, 1.053697
17, 0.191911
8, 0.988774
14, 0.710573
16, 0.554829
12, 1.011461
13, 0.838189
20, -0.221052
5, 0.807423
15, 0.614670
12, 0.947189
9, 1.042840
7, 0.923887
6, 0.863466
18, 0.067130
20, 0.096502
21, -0.445537
22, -0.430064
23, -0.764317
24, -0.752998
25, -0.782664
26, -0.838371
28, -0.917526
28, -1.000375
29, -1.033923
30, -1.023839
31, -0.970892
37, 0.060783
36, -0.490362
38, 0.122542
34, -0.668761
32, -0.893144
36, -0.558924
39, 0.002715
33, -0.784356
1, -0.002041
2, 0.355699
0, 0.009500
4, 0.320365
7, 0.917026
9, 1.033226
10, 1.044081
12, 0.937563
5, 0.802437
8, 0.979157
4, 0.772834
6, 0.857453
14, 0.702310
15, 0.608014
16, 0.548741
13, 0.828522
17, 0.182308
18, 0.068991
12, 1.001784
20, 0.094440
21, -0.445372
20, -0.222364
22, -0.428388
23, -0.761199
30, -1.014223
36, -0.552907
28, -0.907898
29, -1.024281
38, 0.122420
33, -0.776813
32, -0.884954
36, -0.485499
31, -0.961259
37, 0.070387
34, -0.661797
25, -0.776122
39, 0.002715
26, -0.831315
28, -0.990709
24, -0.748500
1, -0.002865
2, 0.353044
0, 0.009500
4, 0.769433
5, 0.797478
4, 0.316964
13, 0.818843
6, 0.851420
16, 0.542693
8, 0.969560
14, 0.694156
18, 0.070438
9, 1.023614
15, 0.601383
7, 0.909941
12, 0.992104
17, 0.172704
12, 0.927922
10, 1.034456
20, 0.092406
20, -0.223638
21, -0.445189
22, -0.426700
23, -0.758094
24, -0.744027
25, -0.769619
26, -0.824302
28, -0.898282
38, 0.122617
28, -0.981032
32, -0.876839
36, -0.480696
33, -0.769322
37, 0.079918
39, 0.002715
31, -0.951612
36, -0.546966
29, -1.014623
30, -1.004598
34, -0.654965
0, 0.009500
1, -0.003673
4, 0.313635
2, 0.350402
6, 0.845374
5, 0.792572
4, 0.766058
7, 0.902817
8, 0.960433
10, 1.024817
9, 1.013998
12, 0.982428
13, 0.809163
12, 0.918267
14, 0.686066
15, 0.594805
17, 0.163093
18, 0.071503
20, 0.090424
23, -0.754997
21, -0.444989
25, -0.763149
24, -0.739603
37, 0.088978
30, -0.994960
29, -1.004954
28, -0.971353
31, -0.941951
32, -0.868778
33, -0.761943
36, -0.541059
16, 0.536731
22, -0.425005
39, 0.002715
34, -0.648191
28, -0.888671
36, -0.475936
38, 0.123508
20, -0.224890
26, -0.817373
0, 0.009500
2, 0.347774
1, -0.004465
4, 0.310340
5, 0.787692
7, 0.895677
6, 0.839324
4, 0.762734
8, 0.951516
9, 1.004371
10, 1.015164
12, 0.972763
12, 0.908599
13, 0.799487
14, 0.678021
16, 0.530825
15, 0.588257
17, 0.153458
18, 0.071946
20, 0.088624
20, -0.226120
21, -0.444617
22, -0.423465
23, -0.751906
24, -0.735208
25, -0.756743
26, -0.810501
28, -0.879056
28, -0.961678
29, -0.995277
30, -0.985307
31, -0.932279
32, -0.860830
33, -0.754636
34, -0.641462
36, -0.471176
36, -0.535582
37, 0.097671
38, 0.124659
39, 0.002715
1, -0.005243
0, 0.009500
2, 0.345159
4, 0.307112
5, 0.782859
4, 0.759437
14, 0.670066
6, 0.833279
7, 0.888528
9, 0.994721
10, 1.005497
8, 0.942796
12, 0.898922
12, 0.963110
13, 0.789822
15, 0.581767
18, 0.071979
16, 0.524960
17, 0.143824
20, 0.087075
20, -0.227315
21, -0.444016
22, -0.422138
23, -0.748816
24, -0.730870
33, -0.747379
36, -0.466029
39, 0.002715
26, -0.803670
36, -0.530270
38, 0.125999
37, 0.106056
25, -0.750371
28, -0.869431
31, -0.922602
28, -0.952012
29, -0.985599
30, -0.975640
32, -0.852955
34, -0.634837
2, 0.342560
0, 0.009500
1, -0.006008
4, 0.756194
5, 0.778051
14, 0.662121
18, 0.071627
6, 0.827297
4, 0.303916
9, 0.985056
17, 0.134853
10, 0.995820
12, 0.889242
16, 0.519177
13, 0.780170
15, 0.575311
7, 0.881386
12, 0.953471
8, 0.934186
20, 0.085642
21, -0.443311
20, -0.228488
22, -0.420913
24, -0.726565
23, -0.745726
25, -0.744062
26, -0.796928
28, -0.859790
28, -0.942359
29, -0.975925
30, -0.965962
31, -0.912924
32, -0.845131
33, -0.740230
34, -0.628287
36, -0.525087
36, -0.460805
37, 0.114283
38, 0.127384
39, 0.002715
2, 0.339977
1, -0.006761
0, 0.009500
4, 0.300784
15, 0.568922
12, 0.943844
8, 0.925808
6, 0.821406
12, 0.879565
10, 0.986138
14, 0.654177
5, 0.773285
4, 0.752978
13, 0.770533
9, 0.975378
7, 0.874314
17, 0.126610
16, 0.513449
18, 0.070625
20, -0.229640
20, 0.084287
22, -0.419748
21, -0.442541
33, -0.733149
26, -0.790166
29, -0.966260
37, 0.121942
23, -0.742635
32, -0.837415
31, -0.903251
36, -0.455557
28, -0.932719
36, -0.520125
24, -0.722261
34, -0.621791
30, -0.956280
28, -0.850132
25, -0.737949
38, 0.129051
39, 0.002715
2, 0.337414
1, -0.007502
0, 0.009500
4, 0.749820
8, 0.917553
4, 0.297695
5, 0.768543
13, 0.760907
14, 0.646112
6, 0.815550
12, 0.934228
9, 0.965696
7, 0.867343
10, 0.976459
12, 0.869898
15, 0.562566
16, 0.507760
18, 0.069371
17, 0.118830
20, 0.083006
20, -0.230771
21, -0.441711
23, -0.739415
28, -0.840462
24, -0.717964
26, -0.782968
25, -0.732118
28, -0.923092
30, -0.946602
29, -0.956610
31, -0.893590
22, -0.418621
33, -0.726115
32, -0.829770
34, -0.615415
36, -0.515254
36, -0.450291
37, 0.129367
38, 0.130777
39, 0.002715
0, 0.009500
2, 0.334870
4, 0.294637
1, -0.008230
4, 0.746654
5, 0.763988
14, 0.638033
7, 0.860413
10, 0.966792
6, 0.809736
15, 0.556282
13, 0.751291
9, 0.956017
8, 0.909413
12, 0.924616
12, 0.860247
16, 0.502151
17, 0.111343
18, 0.067556
20, 0.081766
20, -0.231881
22, -0.417561
21, -0.440850
36, -0.510451
26, -0.775685
30, -0.936935
32, -0.822104
33, -0.719179
34, -0.609118
37, 0.136548
28, -0.830785
29, -0.946975
31, -0.883946
25, -0.726426
23, -0.736023
36, -0.445017
28, -0.913475
24, -0.713653
39, 0.002715
38, 0.132544
2, 0.332347
4, 0.291641
1, -0.008948
0, 0.009500
6, 0.803955
4, 0.743218
5, 0.759689
7, 0.853532
8, 0.901346
9, 0.946350
18, 0.065507
22, -0.416534
15, 0.550047
13, 0.741679
16, 0.496578
12, 0.850614
20, -0.232970
12, 0.915001
17, 0.104431
10, 0.957142
20, 0.080600
21, -0.439933
14, 0.629949
23, -0.732548
24, -0.709347
25, -0.720835
26, -0.768374
28, -0.821114
28, -0.903863
29, -0.937355
30, -0.927285
31, -0.874318
32, -0.814039
34, -0.602878
33, -0.712305
36, -0.439744
36, -0.505702
37, 0.143548
38, 0.134347
39, 0.002715
0, 0.009500
1, -0.009655
2, 0.329843
4, 0.288676
4, 0.739720
12, 0.840996
18, 0.063263
14, 0.621935
16, 0.491082
6, 0.798242
12, 0.905375
15, 0.543847
7, 0.846689
9, 0.936699
5, 0.755510
8, 0.893428
17, 0.097787
13, 0.732063
10, 0.947509
20, -0.236566
20, 0.079472
21, -0.438991
22, -0.415528
23, -0.729033
24, -0.705234
25, -0.715342
26, -0.761042
28, -0.811650
28, -0.894248
29, -0.927744
30, -0.917652
31, -0.864703
32, -0.805899
33, -0.705471
36, -0.434755
34, -0.596758
38, 0.136157
37, 0.150441
39, 0.002715
36, -0.500930
2, 0.327357
0, 0.009500
1, -0.010351
4, 0.285768
4, 0.736203
5, 0.751414
7, 0.839928
8, 0.885597
17, 0.091369
16, 0.485638
6, 0.792564
10, 0.937890
13, 0.722437
12, 0.831385
14, 0.614030
15, 0.537721
12, 0.895733
9, 0.927068
20, -0.242531
18, 0.060875
20, 0.078369
21, -0.435528
22, -0.414546
23, -0.725495
24, -0.701166
25, -0.709932
26, -0.753695
36, -0.430158
38, 0.137953
30, -0.908032
34, -0.590712
29, -0.918133
33, -0.698716
39, 0.002715
28, -0.884622
28, -0.802577
31, -0.855092
36, -0.495719
32, -0.797735
37, 0.157120
2, 0.324886
1, -0.010903
0, 0.009500
5, 0.747400
4, 0.282889
6, 0.786959
12, 0.821773
7, 0.833208
9, 0.917522
12, 0.886074
8, 0.877852
10, 0.928277
13, 0.712795
4, 0.732669
16, 0.480231
14, 0.606166
15, 0.531632
17, 0.085144
18, 0.058379
20, 0.077307
20, -0.248957
21, -0.429677
22, -0.413602
23, -0.721928
24, -0.697182
26, -0.746343
25, -0.704575
28, -0.874981
28, -0.793682
29, -0.908514
33, -0.692008
30, -0.898420
37, 0.163691
39, 0.002715
34, -0.584714
32, -0.789553
36, -0.490511
31, -0.845478
38, 0.139480
36, -0.425574
2, 0.322427
1, -0.011246
0, 0.009500
4, 0.729120
5, 0.743432
12, 0.812153
14, 0.598334
8, 0.870164
9, 0.908147
13, 0.703135
16, 0.474901
17, 0.079081
7, 0.826576
18, 0.055833
12, 0.876402
15, 0.525620
4, 0.280066
10, 0.918664
6, 0.781390
20, 0.076267
20, -0.256273
21, -0.423438
22, -0.412645
23, -0.718344
24, -0.693250
25, -0.699320
26, -0.739002
28, -0.865323
28, -0.784954
29, -0.898880
32, -0.781366
31, -0.835853
30, -0.888806
33, -0.685333
34, -0.578819
36, -0.485709
36, -0.420858
38, 0.140999
39, 0.002715
37, 0.169919
2, 0.319976
1, -0.011513
0, 0.009500
4, 0.277270
14, 0.590565
13, 0.693462
12, 0.866724
8, 0.862596
4, 0.725562
7, 0.820004
10, 0.909045
5, 0.739555
9, 0.898868
6, 0.775895
12, 0.802521
15, 0.519647
16, 0.469624
17, 0.073110
18, 0.053270
20, 0.075216
20, -0.264019
22, -0.411378
21, -0.416716
28, -0.776381
33, -0.678728
36, -0.415987
24, -0.689354
23, -0.714747
26, -0.731813
29, -0.889232
31, -0.826215
34, -0.572990
37, 0.175972
25, -0.694123
28, -0.855651
36, -0.481009
32, -0.773185
30, -0.879187
38, 0.142586
39, 0.002715
1, -0.011665
0, 0.009500
2, 0.317532
4, 0.274528
5, 0.735729
10, 0.899415
6, 0.770450
4, 0.722001
9, 0.889689
7, 0.813477
8, 0.855105
13, 0.683782
12, 0.857046
12, 0.792875
14, 0.582827
15, 0.513756
16, 0.464384
18, 0.050971
20, 0.073865
17, 0.067317
20, -0.272039
21, -0.409601
24, -0.685532
22, -0.410031
23, -0.711142
25, -0.688966
26, -0.724670
28, -0.767904
28, -0.845973
29, -0.879570
30, -0.869558
31, -0.816562
32, -0.765079
34, -0.567207
33, -0.672153
37, 0.181894
38, 0.144255
36, -0.411091
36, -0.476370
39, 0.002715
0, 0.009500
2, 0.315093
1, -0.011763
4, 0.718449
5, 0.731937
4, 0.271814
13, 0.674103
7, 0.807042
12, 0.847375
8, 0.847667
12, 0.783214
10, 0.889772
6, 0.765043
9, 0.880578
14, 0.575150
15, 0.507925
16, 0.459222
17, 0.061866
18, 0.048854
20, 0.072435
20, -0.279656
21, -0.402844
22, -0.408645
23, -0.707541
25, -0.683887
24, -0.681743
28, -0.759627
28, -0.836296
26, -0.717581
30, -0.859914
31, -0.806897
29, -0.869897
32, -0.757085
33, -0.665641
34, -0.561518
36, -0.471793
37, 0.187566
36, -0.406190
38, 0.145926
39, 0.002715
1, -0.011827
4, 0.714983
4, 0.269150
2, 0.312660
5, 0.728211
7, 0.800670
6, 0.759712
8, 0.840344
9, 0.871613
12, 0.837714
14, 0.567501
12, 0.773543
13, 0.664443
15, 0.502139
16, 0.454097
17, 0.056583
18, 0.046322
20, 0.070971
20, -0.286471
21, -0.396790
22, -0.407221
23, -0.703977
24, -0.678022
25, -0.678859
26, -0.710535
28, -0.751463
28, -0.826624
29, -0.860219
0, 0.009500
31, -0.797223
30, -0.850255
32, -0.749139
33, -0.659158
34, -0.555889
36, -0.467250
37, 0.193103
36, -0.401378
38, 0.147453
39, 0.002715
10, 0.880113
1, -0.011859
0, 0.009500
2, 0.310235
4, 0.711537
4, 0.266513
5, 0.724514
6, 0.754431
8, 0.833094
7, 0.794343
9, 0.862741
10, 0.870441
12, 0.828065
13, 0.655069
12, 0.763863
14, 0.560270
15, 0.496354
16, 0.449049
17, 0.051425
18, 0.043745
30, -0.840583
20, 0.069474
25, -0.673868
28, -0.816962
23, -0.700464
22, -0.405777
20, -0.292606
26, -0.703576
21, -0.391376
24, -0.674332
29, -0.850542
31, -0.787543
28, -0.743408
32, -0.741249
33, -0.652737
34, -0.550302
37, 0.198512
36, -0.397042
36, -0.462694
38, 0.148737
39, 0.002715
1, -0.011858
0, 0.009500
4, 0.263924
4, 0.708113
2, 0.307819
5, 0.720877
9, 0.853963
8, 0.825898
10, 0.860759
6, 0.749187
12, 0.754182
12, 0.818431
7, 0.788109
13, 0.645860
14, 0.553150
15, 0.490194
16, 0.444054
17, 0.046499
18, 0.041142
20, 0.067959
20, -0.298216
22, -0.404313
21, -0.386447
24, -0.670705
23, -0.696971
26, -0.696677
28, -0.735424
28, -0.807314
29, -0.840870
30, -0.830902
25, -0.668949
31, -0.777866
32, -0.733401
33, -0.646347
39, 0.002715
34, -0.544797
36, -0.458078
37, 0.203793
36, -0.392705
38, 0.149916
1, -0.011828
0, 0.009500
2, 0.305416
4, 0.261361
4, 0.704727
5, 0.717268
8, 0.818814
9, 0.845248
12, 0.744508
10, 0.851077
7, 0.781938
14, 0.546320
12, 0.808810
6, 0.744014
13, 0.636815
15, 0.483961
16, 0.439098
17, 0.041647
18, 0.038528
20, 0.066428
20, -0.303308
21, -0.381999
22, -0.402831
23, -0.693498
24, -0.667107
25, -0.664064
26, -0.689822
28, -0.727590
28, -0.797679
29, -0.831210
30, -0.821220
31, -0.768197
32, -0.725644
33, -0.640019
34, -0.539345
36, -0.453432
36, -0.388216
37, 0.208988
38, 0.150962
39, 0.002715
1, -0.011772
2, 0.303028
0, 0.009500
4, 0.258844
4, 0.701364
10, 0.841416
15, 0.477706
13, 0.627874
6, 0.738875
7, 0.775811
12, 0.799197
14, 0.539618
5, 0.713717
12, 0.734848
8, 0.811805
16, 0.434218
9, 0.836671
18, 0.035927
20, 0.064883
17, 0.038289
20, -0.307971
21, -0.378192
22, -0.401182
23, -0.690043
24, -0.663569
25, -0.659252
26, -0.683057
28, -0.788057
28, -0.719848
32, -0.717948
37, 0.213987
38, 0.151935
31, -0.758543
29, -0.821567
39, 0.002715
36, -0.383707
33, -0.633723
30, -0.811546
34, -0.533930
36, -0.448790
0, 0.009500
1, -0.011696
2, 0.300655
4, 0.256352
4, 0.698026
6, 0.733802
5, 0.710194
8, 0.804850
9, 0.828180
7, 0.769778
12, 0.789586
12, 0.725206
14, 0.533040
13, 0.619166
15, 0.471436
10, 0.831989
17, 0.033892
16, 0.429374
18, 0.033397
20, 0.063328
20, -0.312397
22, -0.399322
30, -0.801886
36, -0.379189
23, -0.686603
26, -0.676350
25, -0.654490
28, -0.712197
32, -0.710298
29, -0.811940
31, -0.748907
33, -0.627494
34, -0.528587
21, -0.374656
36, -0.444418
28, -0.778444
24, -0.660059
37, 0.218856
39, 0.002715
38, 0.152867
1, -0.011607
0, 0.009500
4, 0.253905
2, 0.298298
4, 0.694729
5, 0.706728
6, 0.728762
7, 0.763807
15, 0.465162
13, 0.610594
10, 0.822649
9, 0.819748
12, 0.779967
8, 0.798011
14, 0.526530
12, 0.715580
17, 0.029303
16, 0.424604
18, 0.030953
20, -0.315969
21, -0.372075
22, -0.397370
20, 0.061770
24, -0.656605
23, -0.683176
25, -0.649765
26, -0.669684
28, -0.704608
28, -0.768832
29, -0.802325
30, -0.792244
31, -0.739285
33, -0.621299
32, -0.702744
34, -0.523278
36, -0.440099
36, -0.374674
37, 0.223228
38, 0.153808
39, 0.002715
1, -0.011516
0, 0.009500
2, 0.295955
4, 0.251481
4, 0.691457
5, 0.703293
6, 0.723783
9, 0.811440
10, 0.813399
7, 0.757879
8, 0.791249
12, 0.705965
12, 0.770334
14, 0.520159
17, 0.024797
15, 0.458899
13, 0.602156
16, 0.419885
18, 0.028546
20, 0.060216
22, -0.395366
21, -0.369895
20, -0.319169
23, -0.679762
24, -0.653179
26, -0.663100
25, -0.645119
29, -0.792715
28, -0.697038
28, -0.759213
30, -0.782617
31, -0.729673
32, -0.695254
33, -0.615175
34, -0.518039
36, -0.435820
37, 0.227443
38, 0.155190
39, 0.002715
36, -0.370239
1, -0.011428
0, 0.009500
2, 0.293623
4, 0.249100
4, 0.688209
13, 0.593803
12, 0.760683
8, 0.784543
5, 0.699916
6, 0.718835
16, 0.415202
10, 0.804211
9, 0.803212
12, 0.696354
14, 0.513863
15, 0.452780
7, 0.752044
17, 0.020374
18, 0.026172
20, 0.058676
20, -0.321990
21, -0.368118
22, -0.393313
23, -0.676360
24, -0.649805
25, -0.640467
26, -0.656820
28, -0.689114
28, -0.749581
29, -0.783100
30, -0.773000
31, -0.720060
32, -0.687809
33, -0.609100
34, -0.512845
36, -0.431570
36, -0.365916
37, 0.231268
38, 0.156188
39, 0.002715
0, 0.009500
1, -0.011351
2, 0.291299
4, 0.246741
4, 0.685003
5, 0.696533
12, 0.686739
7, 0.746270
9, 0.795200
12, 0.751018
6, 0.714196
10, 0.795159
8, 0.777864
13, 0.585635
14, 0.507640
15, 0.446717
16, 0.410597
17, 0.016034
18, 0.023827
20, 0.057188
20, -0.324529
21, -0.366633
22, -0.391226
23, -0.672972
24, -0.646458
25, -0.635572
26, -0.650634
28, -0.739932
28, -0.681120
29, -0.773475
30, -0.763387
31, -0.710442
32, -0.680462
33, -0.603061
34, -0.507685
36, -0.427374
36, -0.361631
37, 0.234908
38, 0.156698
39, 0.002715
1, -0.011288
0, 0.009500
2, 0.288980
4, 0.244424
4, 0.681821
5, 0.692886
12, 0.741344
6, 0.709641
9, 0.787522
13, 0.577574
12, 0.677114
10, 0.786193
8, 0.771083
7, 0.740540
14, 0.501466
15, 0.440697
16, 0.406045
18, 0.021508
20, 0.055719
17, 0.011774
20, -0.326824
21, -0.365394
22, -0.389120
23, -0.669600
24, -0.643163
25, -0.630628
26, -0.644682
28, -0.730272
28, -0.673102
29, -0.763835
30, -0.753772
31, -0.700812
32, -0.673179
33, -0.597096
34, -0.502591
36, -0.423157
36, -0.357748
37, 0.238364
38, 0.156981
39, 0.002715
2, 0.286662
1, -0.011240
0, 0.009500
4, 0.242128
4, 0.678663
6, 0.705301
5, 0.689178
9, 0.780016
8, 0.764172
7, 0.734899
10, 0.777316
12, 0.731665
12, 0.667477
13, 0.569618
14, 0.495394
15, 0.434776
16, 0.401531
17, 0.007568
18, 0.019217
20, 0.054267
20, -0.328992
21, -0.364281
22, -0.386985
23, -0.666245
24, -0.639895
25, -0.625667
26, -0.638845
28, -0.665068
28, -0.720636
29, -0.754181
30, -0.744150
31, -0.691169
32, -0.665943
33, -0.591167
34, -0.497527
36, -0.353857
36, -0.418849
37, 0.241654
38, 0.157152
39, 0.002715
1, -0.011204
0, 0.009500
2, 0.284343
4, 0.239872
4, 0.675546
5, 0.685452
6, 0.701061
7, 0.729319
9, 0.772646
10, 0.768500
8, 0.757244
12, 0.721990
12, 0.657826
13, 0.561729
14, 0.489389
15, 0.428926
16, 0.397098
17, 0.003461
18, 0.016955
20, 0.052827
20, -0.330906
21, -0.363413
22, -0.384834
23, -0.662911
24, -0.636678
25, -0.620693
26, -0.633123
28, -0.657029
28, -0.711479
29, -0.744515
30, -0.734516
31, -0.681511
32, -0.658805
33, -0.585313
34, -0.492523
36, -0.414512
36, -0.349844
37, 0.244839
38, 0.157216
39, 0.002715
0, 0.009500
1, -0.011176
2, 0.282025
4, 0.237636
5, 0.681710
6, 0.696922
7, 0.723782
4, 0.672452
9, 0.765413
8, 0.750310
10, 0.759813
12, 0.712322
12, 0.648161
13, 0.553979
14, 0.483431
15, 0.423126
16, 0.392705
17, -0.000603
18, 0.014750
20, -0.332704
21, -0.362651
22, -0.382669
23, -0.659603
24, -0.633490
25, -0.615715
26, -0.627470
28, -0.702474
29, -0.734840
28, -0.648997
30, -0.724866
31, -0.671842
33, -0.579496
32, -0.651734
34, -0.487549
36, -0.410181
36, -0.345809
37, 0.247794
38, 0.157237
39, 0.002715
20, 0.051396
1, -0.011149
0, 0.009500
2, 0.279706
4, 0.235427
4, 0.669382
5, 0.677954
6, 0.692840
9, 0.758301
12, 0.702737
8, 0.743449
12, 0.638485
10, 0.751208
7, 0.718334
13, 0.546311
14, 0.477576
15, 0.417437
17, -0.004587
16, 0.388393
20, -0.334405
18, 0.012626
22, -0.380493
25, -0.610741
23, -0.656327
20, 0.050638
24, -0.630354
26, -0.621964
21, -0.361975
28, -0.641036
28, -0.693614
29, -0.725161
31, -0.662164
32, -0.644713
30, -0.715200
33, -0.573757
34, -0.482631
36, -0.406137
36, -0.341763
37, 0.250610
38, 0.157180
39, 0.002715
0, 0.009500
1, -0.011119
2, 0.277391
4, 0.233260
4, 0.666351
5, 0.674193
6, 0.688876
7, 0.712945
9, 0.751267
10, 0.742660
14, 0.471790
13, 0.538698
12, 0.628803
15, 0.411822
16, 0.384139
17, -0.008530
18, 0.010544
20, 0.048663
20, -0.336026
22, -0.378342
21, -0.361293
23, -0.653073
24, -0.627211
26, -0.616459
25, -0.605988
28, -0.633429
28, -0.684894
29, -0.715484
30, -0.705521
31, -0.652484
32, -0.637712
33, -0.568073
34, -0.477743
36, -0.337719
36, -0.402148
37, 0.253285
38, 0.157099
39, 0.002715
8, 0.736699
12, 0.693348
0, 0.009500
1, -0.011081
15, 0.406259
12, 0.619124
6, 0.684979
7, 0.707598
4, 0.231114
10, 0.734234
8, 0.729997
14, 0.466056
13, 0.531194
12, 0.684081
9, 0.744395
5, 0.670433
4, 0.663343
2, 0.275083
16, 0.379926
18, 0.008467
20, 0.046964
17, -0.012397
20, -0.337603
21, -0.360393
22, -0.376557
23, -0.649837
24, -0.623798
26, -0.610853
25, -0.601531
29, -0.705817
28, -0.625951
28, -0.676311
30, -0.695838
31, -0.642809
32, -0.630596
33, -0.562428
34, -0.472913
37, 0.255865
38, 0.156999
39, 0.002715
36, -0.333748
36, -0.398203
1, -0.011035
0, 0.009500
2, 0.272784
4, 0.228990
13, 0.524118
12, 0.609455
6, 0.681128
7, 0.702340
4, 0.660358
5, 0.666686
10, 0.725888
12, 0.674896
15, 0.400806
8, 0.723333
9, 0.737618
14, 0.460329
16, 0.375802
20, 0.045602
18, 0.006271
20, -0.339095
21, -0.359422
23, -0.646619
22, -0.374863
24, -0.620327
25, -0.597200
17, -0.016223
26, -0.605124
28, -0.618637
28, -0.667815
29, -0.696164
30, -0.686160
31, -0.633146
33, -0.556864
32, -0.623330
34, -0.468111
36, -0.329878
38, 0.156884
39, 0.002715
36, -0.394304
37, 0.258235
1, -0.010983
0, 0.009500
2, 0.270496
5, 0.663040
4, 0.657411
4, 0.226901
6, 0.677368
7, 0.697140
8, 0.716748
10, 0.717596
9, 0.730935
12, 0.665888
12, 0.599803
13, 0.517234
14, 0.454240
15, 0.395423
16, 0.371739
17, -0.019974
18, 0.003909
20, -0.340548
21, -0.358423
20, 0.044273
23, -0.643418
22, -0.373221
24, -0.616835
25, -0.592961
26, -0.599377
28, -0.611406
28, -0.659507
29, -0.686528
30, -0.676493
32, -0.616041
31, -0.623500
34, -0.463366
36, -0.390436
36, -0.326042
37, 0.260475
38, 0.156760
39, 0.002715
33, -0.551356
0, 0.009500
1, -0.010928
2, 0.268222
4, 0.224833
4, 0.654485
5, 0.659418
6, 0.673667
8, 0.710201
7, 0.691981
10, 0.709422
9, 0.724313
12, 0.590168
12, 0.656990
13, 0.510499
18, 0.001518
23, -0.640235
15, 0.390088
21, -0.357430
14, 0.448086
16, 0.367720
17, -0.023536
20, -0.341814
20, 0.042964
22, -0.371633
24, -0.613324
25, -0.588813
26, -0.593625
28, -0.651310
28, -0.604354
29, -0.676907
30, -0.666842
31, -0.613871
32, -0.608996
33, -0.545826
34, -0.458649
36, -0.386628
37, 0.262579
36, -0.322233
39, 0.002715
38, 0.156635
1, -0.010878
0, 0.009500
2, 0.265961
4, 0.222788
4, 0.651582
5, 0.655818
6, 0.669962
7, 0.686908
8, 0.703987
9, 0.717824
12, 0.648201
10, 0.701323
12, 0.580558
13, 0.504033
14, 0.441911
15, 0.384849
16, 0.363794
17, -0.026832
18, -0.000894
20, -0.342823
23, -0.637069
21, -0.356703
22, -0.370075
24, -0.609799
20, 0.041663
25, -0.584746
28, -0.597401
26, -0.587936
28, -0.643227
30, -0.657207
29, -0.667295
31, -0.604254
32, -0.602323
34, -0.453986
33, -0.539873
36, -0.382849
36, -0.318480
37, 0.264594
38, 0.156523
39, 0.002715
2, 0.263710
1, -0.010838
4, 0.220765
0, 0.009500
5, 0.652243
4, 0.648716
7, 0.681890
8, 0.697916
12, 0.639397
9, 0.711416
10, 0.693278
13, 0.497694
12, 0.571344
6, 0.666022
15, 0.379667
16, 0.359931
14, 0.435721
17, -0.029996
18, -0.003310
20, -0.343713
21, -0.356057
22, -0.368567
20, 0.040355
23, -0.633922
25, -0.580729
26, -0.582345
29, -0.657696
30, -0.647585
32, -0.595837
33, -0.533839
28, -0.635218
28, -0.590541
34, -0.449348
36, -0.379124
31, -0.594642
38, 0.156500
37, 0.266409
24, -0.606266
39, 0.002715
36, -0.314756
2, 0.261468
1, -0.010814
0, 0.009500
4, 0.218765
4, 0.645872
15, 0.374526
10, 0.685343
17, -0.033044
9, 0.705064
12, 0.630318
13, 0.491464
6, 0.662031
18, -0.005710
7, 0.676912
5, 0.648714
16, 0.356113
8, 0.691958
12, 0.562391
14, 0.429532
20, 0.039032
20, -0.344525
21, -0.355453
22, -0.367082
24, -0.602734
23, -0.630795
25, -0.576814
26, -0.576784
28, -0.583743
28, -0.627372
36, -0.311091
38, 0.156499
33, -0.527778
30, -0.637970
29, -0.648188
32, -0.589480
34, -0.444754
37, 0.268102
39, 0.002715
36, -0.375426
31, -0.585026
2, 0.259230
1, -0.010811
0, 0.009500
4, 0.216800
6, 0.658023
14, 0.423423
7, 0.672016
13, 0.485336
10, 0.677727
12, 0.621212
15, 0.369717
5, 0.645208
4, 0.643050
9, 0.698739
8, 0.686211
12, 0.553600
16, 0.352311
17, -0.036029
18, -0.007956
20, 0.037687
20, -0.345262
21, -0.354878
23, -0.627689
22, -0.365619
32, -0.583207
36, -0.371780
38, 0.156518
37, 0.269671
34, -0.440184
31, -0.575404
25, -0.572957
29, -0.638857
30, -0.628357
28, -0.577071
36, -0.307457
28, -0.619629
26, -0.571283
24, -0.599218
33, -0.521698
39, 0.002715
2, 0.256995
1, -0.010827
0, 0.009500
4, 0.640252
4, 0.214857
12, 0.545145
13, 0.479274
9, 0.692315
5, 0.641732
8, 0.680575
12, 0.612094
10, 0.670211
6, 0.654001
7, 0.667158
14, 0.417448
15, 0.365044
17, -0.038897
16, 0.348386
18, -0.010166
20, 0.036322
20, -0.345941
21, -0.354344
22, -0.364177
23, -0.624604
25, -0.569141
24, -0.595798
28, -0.570477
28, -0.611886
29, -0.629868
30, -0.618740
31, -0.565773
32, -0.577095
33, -0.515607
34, -0.435638
36, -0.368160
36, -0.303882
37, 0.271159
38, 0.156554
26, -0.565817
39, 0.002715
0, 0.009500
1, -0.010863
2, 0.254760
4, 0.212937
5, 0.638305
4, 0.637492
12, 0.602981
9, 0.685766
12, 0.536868
10, 0.662944
6, 0.649971
8, 0.675039
7, 0.662378
13, 0.473354
14, 0.411539
15, 0.360480
17, -0.041697
16, 0.344303
18, -0.012342
20, 0.034942
20, -0.346585
21, -0.353830
22, -0.362757
23, -0.621539
38, 0.156606
28, -0.604069
29, -0.620998
33, -0.509515
36, -0.364591
34, -0.431127
30, -0.609113
31, -0.556152
39, 0.002715
28, -0.563935
36, -0.300337
24, -0.592403
37, 0.272469
26, -0.560419
32, -0.571067
25, -0.565404
0, 0.009500
2, 0.252525
1, -0.010912
4, 0.211037
4, 0.634755
14, 0.405709
8, 0.669599
7, 0.657652
10, 0.655794
15, 0.356113
12, 0.529133
13, 0.467417
12, 0.594439
6, 0.645943
9, 0.679199
5, 0.634904
16, 0.340196
17, -0.044451
18, -0.014485
20, 0.033559
20, -0.347163
21, -0.353335
22, -0.361355
23, -0.618493
24, -0.589032
25, -0.561716
26, -0.555058
28, -0.557502
28, -0.596160
29, -0.612418
30, -0.599471
31, -0.546705
32, -0.565114
33, -0.503436
34, -0.426640
36, -0.361049
36, -0.296852
37, 0.273673
38, 0.156675
39, 0.002715
2, 0.250290
0, 0.009500
1, -0.010969
5, 0.631532
6, 0.641926
4, 0.632040
14, 0.399938
4, 0.209158
7, 0.652965
12, 0.586112
13, 0.461112
17, -0.047115
9, 0.672627
10, 0.648756
15, 0.351848
16, 0.336081
8, 0.664219
12, 0.521411
18, -0.016594
20, 0.032185
21, -0.352855
20, -0.347708
22, -0.359971
23, -0.615465
24, -0.585681
25, -0.558063
26, -0.549769
28, -0.551138
28, -0.588240
29, -0.603985
30, -0.589812
31, -0.537532
33, -0.497507
39, 0.002715
36, -0.293396
38, 0.156761
37, 0.274770
34, -0.422401
32, -0.559207
36, -0.357487
0, 0.009500
1, -0.011028
2, 0.248058
7, 0.648358
8, 0.658965
4, 0.207296
5, 0.628208
6, 0.638021
4, 0.629348
9, 0.666135
12, 0.577959
10, 0.641783
12, 0.513719
14, 0.394294
20, -0.348230
15, 0.347670
20, 0.030832
21, -0.352388
17, -0.049721
23, -0.612455
18, -0.018653
16, 0.331976
13, 0.454745
22, -0.358600
24, -0.582351
25, -0.554478
26, -0.544531
28, -0.580325
28, -0.544822
30, -0.580138
29, -0.595697
31, -0.528706
32, -0.553319
33, -0.491622
34, -0.418499
36, -0.353489
37, 0.275797
36, -0.289997
38, 0.156864
39, 0.002715
1, -0.011086
0, 0.009500
2, 0.245832
4, 0.626678
14, 0.388732
18, -0.020637
9, 0.659763
12, 0.506207
10, 0.634941
6, 0.634143
8, 0.653784
4, 0.205454
7, 0.643803
5, 0.624910
12, 0.570147
15, 0.343548
16, 0.328013
17, -0.052288
13, 0.448355
20, -0.348713
21, -0.351927
22, -0.357240
20, 0.029509
23, -0.609461
24, -0.579042
25, -0.550926
26, -0.539330
28, -0.538608
28, -0.572584
30, -0.570456
39, 0.002715
32, -0.547307
36, -0.349404
37, 0.276675
36, -0.286624
38, 0.156986
33, -0.485789
34, -0.414750
29, -0.587539
31, -0.520066
1, -0.011138
0, 0.009500
2, 0.243614
4, 0.203630
17, -0.054777
14, 0.383225
12, 0.498783
7, 0.639286
9, 0.653438
5, 0.621641
18, -0.022582
16, 0.324083
8, 0.648653
12, 0.562519
13, 0.441951
6, 0.630296
10, 0.628173
15, 0.339537
4, 0.624030
20, 0.028220
20, -0.349175
22, -0.355887
34, -0.411100
26, -0.534203
28, -0.532459
30, -0.560775
37, 0.277463
25, -0.547437
24, -0.575765
32, -0.541132
33, -0.479996
23, -0.606482
39, 0.002715
28, -0.564884
29, -0.579464
31, -0.511639
21, -0.351468
36, -0.283301
36, -0.345292
38, 0.157124
0, 0.009500
1, -0.011187
4, 0.201825
2, 0.241407
4, 0.621404
5, 0.618419
9, 0.647152
6, 0.626475
8, 0.643624
7, 0.634847
13, 0.435549
12, 0.555058
10, 0.621454
12, 0.491535
14, 0.377836
16, 0.320181
15, 0.335590
17, -0.057230
18, -0.024489
20, -0.349617
20, 0.026963
21, -0.351004
22, -0.354537
23, -0.603517
25, -0.543978
24, -0.572536
26, -0.529113
28, -0.526357
28, -0.557276
29, -0.571562
30, -0.551102
31, -0.503378
33, -0.474286
32, -0.534933
36, -0.341208
38, 0.157275
36, -0.280002
37, 0.278104
39, 0.002715
34, -0.407438
1, -0.011234
0, 0.009500
4, 0.618803
4, 0.200040
2, 0.239212
6, 0.622704
8, 0.638658
7, 0.630457
5, 0.615222
9, 0.640945
12, 0.548110
12, 0.484395
10, 0.614738
13, 0.429211
15, 0.331686
17, -0.059614
14, 0.372520
16, 0.316339
20, 0.025729
18, -0.026332
20, -0.350037
22, -0.353188
21, -0.350532
23, -0.600567
24, -0.569332
28, -0.520353
28, -0.549735
26, -0.524095
25, -0.540579
29, -0.563666
31, -0.495224
30, -0.541646
32, -0.528725
33, -0.468631
36, -0.276749
39, 0.002715
37, 0.278673
34, -0.403435
38, 0.157432
36, -0.337652
2, 0.237031
1, -0.011284
0, 0.009500
4, 0.198274
4, 0.616225
16, 0.312529
10, 0.607663
8, 0.633735
9, 0.634796
12, 0.541331
7, 0.626104
12, 0.477364
13, 0.422979
15, 0.327868
6, 0.618959
5, 0.612052
14, 0.367254
18, -0.028137
17, -0.061951
20, 0.024509
20, -0.350426
21, -0.350048
22, -0.351839
23, -0.597631
24, -0.566153
25, -0.537209
33, -0.463247
26, -0.519112
29, -0.555689
31, -0.487290
37, 0.279083
30, -0.532559
38, 0.157587
28, -0.542243
28, -0.514414
32, -0.522522
36, -0.334236
36, -0.273522
34, -0.399003
39, 0.002715
1, -0.011343
2, 0.234863
0, 0.009500
4, 0.196529
20, 0.023289
5, 0.608928
8, 0.628901
7, 0.621821
13, 0.416800
17, -0.064256
4, 0.613679
6, 0.615265
10, 0.600519
14, 0.362092
18, -0.029904
9, 0.628687
12, 0.534959
12, 0.470408
16, 0.308786
15, 0.324103
22, -0.350490
23, -0.594709
21, -0.349551
20, -0.350796
24, -0.563001
25, -0.533898
26, -0.514201
28, -0.508523
28, -0.534855
30, -0.523675
31, -0.479480
29, -0.547613
36, -0.270344
32, -0.516389
38, 0.157731
34, -0.394578
33, -0.458247
39, 0.002715
36, -0.330814
37, 0.279409
0, 0.009500
1, -0.011415
4, 0.194804
5, 0.605827
7, 0.617572
6, 0.611597
4, 0.611155
2, 0.232705
8, 0.624123
9, 0.622663
10, 0.593401
12, 0.463616
13, 0.410663
12, 0.528594
14, 0.356995
15, 0.320375
16, 0.305075
17, -0.066496
18, -0.031610
20, 0.022058
20, -0.351146
21, -0.349041
22, -0.349143
23, -0.591800
24, -0.559894
25, -0.530578
26, -0.509486
28, -0.502730
28, -0.527536
29, -0.539524
30, -0.514954
31, -0.471792
32, -0.510345
33, -0.453425
34, -0.390347
36, -0.327041
36, -0.267193
37, 0.279655
38, 0.157804
39, 0.002715
0, 0.009500
1, -0.011471
2, 0.230555
4, 0.193100
5, 0.602752
4, 0.608654
6, 0.607979
7, 0.613389
8, 0.619383
9, 0.616694
10, 0.586809
12, 0.522137
13, 0.404617
12, 0.456926
14, 0.351940
15, 0.316720
16, 0.301431
17, -0.068706
18, -0.033254
20, 0.020807
20, -0.351480
24, -0.556810
21, -0.348521
23, -0.588905
22, -0.347801
25, -0.526993
26, -0.505050
28, -0.497003
28, -0.520265
38, 0.157856
39, 0.002715
29, -0.531437
30, -0.506395
36, -0.264086
31, -0.464185
34, -0.386173
36, -0.323209
33, -0.448724
32, -0.504330
37, 0.279851
0, 0.009500
1, -0.011519
4, 0.191415
2, 0.228411
7, 0.609238
8, 0.614722
6, 0.604387
12, 0.515565
4, 0.606172
9, 0.610764
10, 0.580363
5, 0.599722
12, 0.450338
13, 0.398635
38, 0.157888
37, 0.279945
17, -0.070857
32, -0.498353
23, -0.586024
33, -0.444140
36, -0.261005
22, -0.346464
20, -0.351799
36, -0.319353
16, 0.297819
31, -0.456754
26, -0.500752
28, -0.491325
18, -0.034867
14, 0.346974
24, -0.553749
15, 0.313112
20, 0.019533
28, -0.513096
34, -0.382022
25, -0.523351
39, 0.002715
29, -0.523524
21, -0.347995
30, -0.497981
1, -0.011631
0, 0.009500
2, 0.226272
4, 0.189748
4, 0.603709
5, 0.596713
6, 0.600844
17, -0.072979
12, 0.508977
14, 0.342064
12, 0.443817
13, 0.392701
10, 0.574017
16, 0.294272
15, 0.309538
8, 0.610113
9, 0.604914
18, -0.036452
7, 0.605148
20, 0.018240
20, -0.352103
21, -0.347657
22, -0.345134
26, -0.496556
30, -0.489658
34, -0.377895
36, -0.315482
28, -0.485748
33, -0.439648
23, -0.583155
28, -0.505993
32, -0.492409
29, -0.515667
24, -0.550727
25, -0.519689
31, -0.449431
36, -0.257952
37, 0.279979
38, 0.157900
39, 0.002715
